feedback_level,constriction_level,anisotropy_level,case_label,final_t_end_s,arrival_speed_mm_min,e1_arrival_s,e2_arrival_s,cross_fold_delay_s,e1_to_e2_geodesic_mm,median_edge_speed_mm_min,deep_edge_speed_mm_min,shallow_edge_speed_mm_min,min_perfusion,min_oxygen,crossed_fraction,a_con0,anisotropy_ratio,clearance_perfusion_gain,clearance_oxygen_gain,threshold_baseline_vulnerability_gain,threshold_constriction_gain
weak,weak,off,surface_scalar_vascular,110.0,3.883167569012198,14.156603371312789,96.91828461898754,82.76168124767476,5.35629127629826,6.1383187167463795,5.2978809982048025,6.473223296475422,0.6001310289313313,0.2,0.5916666666666667,0.16,1.0,0.14,0.05,0.05,0.025
weak,weak,low,surface_tensor_vascular,110.0,3.890285074452191,14.016137316792435,96.62640119909938,82.61026388230694,5.35629127629826,6.178478353064651,5.4332976648714695,6.6197982354264,0.6001321943724972,0.2,0.6013888888888889,0.16,1.05,0.14,0.05,0.05,0.025
weak,weak,high,surface_tensor_vascular,110.0,3.8882938432499334,12.938603147743137,95.59117250944556,82.65256936170242,5.35629127629826,6.518142907132513,5.974964331538142,6.934511861055457,0.6001320572068911,0.2,0.6416666666666667,0.16,1.25,0.14,0.05,0.05,0.025
weak,strong,off,surface_scalar_vascular,110.0,3.883167569012198,14.156603371312789,96.91828461898754,82.76168124767476,5.35629127629826,6.1383187167463795,5.2978809982048025,6.473223296475422,0.25,0.2,0.5916666666666667,0.3,1.0,0.14,0.05,0.05,0.025
weak,strong,low,surface_tensor_vascular,110.0,3.890285074452191,14.016137316792435,96.62640119909938,82.61026388230694,5.35629127629826,6.178478353064651,5.4332976648714695,6.6197982354264,0.25,0.2,0.6013888888888889,0.3,1.05,0.14,0.05,0.05,0.025
weak,strong,high,surface_tensor_vascular,110.0,3.8882938432499334,12.938603147743137,95.59117250944556,82.65256936170242,5.35629127629826,6.518142907132513,5.974964331538142,6.934511861055457,0.25,0.2,0.6416666666666667,0.3,1.25,0.14,0.05,0.05,0.025
strong,weak,off,surface_scalar_vascular,110.0,3.7739224455873024,14.374397269332984,99.53181139522991,85.15741412589692,5.35629127629826,6.024489193027704,5.2978809982048025,6.3574571978457595,0.6000881652468449,0.2,0.5722222222222222,0.16,1.0,0.28,0.12,0.11,0.055
strong,weak,low,surface_tensor_vascular,110.0,3.7644798357261253,14.016137316792435,99.38715551907364,85.3710182022812,5.35629127629826,5.938583327435218,5.4332976648714695,6.562773994180625,0.6000889871414332,0.2,0.5833333333333334,0.16,1.05,0.28,0.12,0.11,0.055
strong,weak,high,surface_tensor_vascular,110.0,3.7736729363060566,13.131716627560198,98.29476122688445,85.16304459932425,5.35629127629826,6.518142907132512,5.974964331538132,6.894309560705966,0.6000888952432772,0.2,0.6222222222222222,0.16,1.25,0.28,0.12,0.11,0.055
strong,strong,off,surface_scalar_vascular,110.0,3.7739224455873024,14.374397269332984,99.53181139522991,85.15741412589692,5.35629127629826,6.024489193027704,5.2978809982048025,6.3574571978457595,0.25,0.2,0.5722222222222222,0.3,1.0,0.28,0.12,0.11,0.055
strong,strong,low,surface_tensor_vascular,110.0,3.7644798357261253,14.016137316792435,99.38715551907364,85.3710182022812,5.35629127629826,5.927233816223424,5.4332976648714695,6.541365596013198,0.25,0.2,0.5833333333333334,0.3,1.05,0.28,0.12,0.11,0.055
strong,strong,high,surface_tensor_vascular,110.0,3.7736729363060566,13.131716627560198,98.29476122688445,85.16304459932425,5.35629127629826,6.518142907132512,5.974964331538132,6.894309560705966,0.25,0.2,0.6222222222222222,0.3,1.25,0.28,0.12,0.11,0.055
