family_label,diffusion_mode,g_profile,base_profile,sulcus_width_mm,g_sulcus_min,electrode_speed_mm_min,delta_speed_mm_min,delay_sulcus_s,delay_upstream_s,delay_downstream_s,peak_delay_s,control_sulcus_local_speed_mm_min,dipole_sulcus_local_speed_mm_min,delta_sulcus_local_speed_mm_min,control_upstream_local_speed_mm_min,dipole_upstream_local_speed_mm_min,control_downstream_local_speed_mm_min,dipole_downstream_local_speed_mm_min,sulcus_tangent_min,sulcus_normal_min
scalar-flat,scalar,scalar-flat,flat,2.5,0.75,2.6864754098360657,-0.3135245901639343,6.074736842105267,0.605652173913029,11.056567505720835,17.085766590389,2.9582390639681497,2.5441643568110077,-0.414074707157142,2.9438005162374177,2.8524390093525733,2.9620443355717265,2.87057984342424,0.75,0.75
scalar-flat,scalar,scalar-flat,flat,2.5,0.85,2.8153715738909297,-0.18462842610907026,3.4016704805491997,0.3597482837528645,6.163535469107558,9.521945080091541,2.9582390639681497,2.7181108527451805,-0.24012821122296923,2.9438005162374177,2.8874673775011632,2.9620443355717265,2.9073494304071836,0.85,0.85
scalar-flat,scalar,scalar-flat,flat,2.5,0.95,2.941370962980457,-0.05862903701954281,1.0701372997711474,0.11839816933638758,1.9285240274599573,2.969061784897036,2.9582390639681497,2.8804553460766527,-0.07778371789149707,2.9438005162374177,2.9241481356300234,2.9620443355717265,2.944054952497674,0.95,0.95
scalar-flat,scalar,scalar-flat,flat,4.0,0.75,2.6077261306532673,-0.3922738693467327,8.879862700228813,0.664851258581237,16.18411899313503,22.623157894736835,2.9576082948858926,2.543091356335186,-0.4145169385507068,2.934448811479899,2.839693480986889,2.962688245031799,2.869650362768576,0.75,0.75
scalar-flat,scalar,scalar-flat,flat,4.0,0.85,2.7687434002111933,-0.23125659978880675,4.959061784897031,0.396178489702514,8.993707093821513,12.463684210526338,2.9576082948858926,2.7167274156465484,-0.2408808792393442,2.934448811479899,2.872415924633039,2.962688245031799,2.9073051949012565,0.85,0.85
scalar-flat,scalar,scalar-flat,flat,4.0,0.95,2.924793048787648,-0.0752069512123521,1.5482837528604136,0.13205949656750704,2.80057208237983,3.852494279176227,2.9576082948858926,2.880080281688204,-0.07752801319768876,2.934448811479899,2.912681310579298,2.962688245031799,2.944227677196252,0.95,0.95
scalar-flat,scalar,scalar-flat,flat,5.5,0.75,2.5871416701287915,-0.4128583298712085,11.63034324942791,0.7240503432494272,20.824416475972527,27.217917620137342,2.956634516968829,2.543186692321437,-0.4134478246473918,2.9231072216352274,2.8206584184392947,2.9630796632173926,2.858905491554313,0.75,0.75
scalar-flat,scalar,scalar-flat,flat,5.5,0.85,2.755420353982301,-0.24457964601769921,6.454977116704818,0.43260869565216353,11.707757437070967,14.9682608695652,2.956634516968829,2.7168638593540533,-0.23977065761477556,2.9231072216352274,2.8576335444269576,2.9630796632173926,2.906308658068792,0.85,0.85
scalar-flat,scalar,scalar-flat,flat,5.5,0.95,2.921362810062746,-0.07863718993725399,2.0082151029748445,0.14116704805492475,3.6521281464530944,4.6129748283753145,2.956634516968829,2.879404503322564,-0.0772300136462647,2.9231072216352274,2.901382627326509,2.9630796632173926,2.9448857797686996,0.95,0.95
scalar-gaussian,scalar,scalar-gaussian,gaussian,2.5,0.75,2.717246645576525,-0.28275335442347505,5.245949656750568,0.40073226544622287,9.462745995423347,15.123089244851258,2.9582390639681497,2.6083953696446476,-0.34984369432350215,2.9438005162374177,2.860294555499627,2.9620443355717265,2.8831755026202717,0.7500000128375718,0.7500000128375718
scalar-gaussian,scalar,scalar-gaussian,gaussian,2.5,0.85,2.8339495989532963,-0.16605040104670366,2.9599542334096185,0.23679633867277516,5.339302059496546,8.501899313501156,2.9582390639681497,2.754455145352639,-0.20378391861551082,2.9438005162374177,2.8884082141694094,2.9620443355717265,2.91469123911809,0.850000007702543,0.850000007702543
scalar-gaussian,scalar,scalar-gaussian,gaussian,2.5,0.95,2.9472874637638298,-0.05271253623617023,0.9335240274599528,0.07741418764302921,1.680343249427935,2.6639588100686638,2.9582390639681497,2.8915660762618245,-0.06667298770632524,2.9438005162374177,2.9235461190019105,2.9620443355717265,2.9436462306279436,0.9500000025675143,0.9500000025675143
scalar-gaussian,scalar,scalar-gaussian,gaussian,4.0,0.75,2.650457544158333,-0.3495424558416671,8.392608695652157,1.1657665903890297,14.795217391304348,20.06393592677344,2.9576082948858926,2.604862349221298,-0.3527459456645947,2.934448811479899,2.803446017968823,2.962688245031799,2.835101230754579,0.7500000050146766,0.7500000050146766
scalar-gaussian,scalar,scalar-gaussian,gaussian,4.0,0.85,2.7962505612932196,-0.20374943870678042,4.73592677345539,0.6921739130434617,8.315194508009142,11.197734553775774,2.9576082948858926,2.7525408720901647,-0.20506742279572787,2.934448811479899,2.850388291087266,2.962688245031799,2.8867578065224873,0.850000003008806,0.850000003008806
scalar-gaussian,scalar,scalar-gaussian,gaussian,4.0,0.95,2.934959349593497,-0.06504065040650309,1.4936384439359216,0.22768878718535746,2.618421052631561,3.4972997711670644,2.9576082948858926,2.8912754053972463,-0.06633288948864635,2.934448811479899,2.9066242207421666,2.962688245031799,2.9368415289550325,0.9500000010029352,0.9500000010029352
scalar-gaussian,scalar,scalar-gaussian,gaussian,5.5,0.75,2.6228282615562812,-0.37717173844371876,11.325240274599537,1.9672311212814648,19.42185354691074,23.980183066361548,2.956634516968829,2.602483232948723,-0.354151284020106,2.9231072216352274,2.7598019235897486,2.9630796632173926,2.7984525428534646,0.750000002652391,0.750000002652391
scalar-gaussian,scalar,scalar-gaussian,gaussian,5.5,0.85,2.778781793842035,-0.22121820615796484,6.370732265446236,1.1612128146453031,11.07022883295194,13.383546910755143,2.956634516968829,2.750376629185207,-0.20625788778362164,2.9231072216352274,2.8273304512691038,2.9630796632173926,2.8697430982257206,0.8500000015914345,0.8500000015914345
scalar-gaussian,scalar,scalar-gaussian,gaussian,5.5,0.95,2.9296089385474877,-0.07039106145251228,2.0036613272311214,0.3802402745995437,3.4927459954233484,4.230457665903884,2.956634516968829,2.890723024775677,-0.06591149219315184,2.9231072216352274,2.892225196810592,2.9630796632173926,2.9326855757963397,0.9500000005304782,0.9500000005304782
tensor-flat,tensor,tensor-flat,flat,2.5,0.75,2.7545062479265727,-0.24549375207342727,4.726819221967986,0.43260869565219195,9.194073226544617,10.510114416475972,2.9582390639681497,2.603724085600029,-0.35451497836812074,2.9438005162374177,2.8774820853757164,2.9620443355717265,2.8922670053648765,0.9,0.75
tensor-flat,tensor,tensor-flat,flat,2.5,0.85,2.8608016538417367,-0.13919834615826332,2.654851258581246,0.2595652173913052,5.132105263157882,5.865263157894702,2.9582390639681497,2.7511327087944286,-0.2071063551737211,2.9438005162374177,2.903538426814173,2.9620443355717265,2.91859382153055,0.94,0.85
tensor-flat,tensor,tensor-flat,flat,2.5,0.95,2.9567333372900464,-0.04326666270995361,0.8333409610984006,0.0865217391304327,1.6029290617848773,1.8306178489702916,2.9582390639681497,2.89122406849854,-0.06701499546960976,2.9438005162374177,2.9315058021995752,2.9620443355717265,2.9475936004825782,0.98,0.95
tensor-flat,tensor,tensor-flat,flat,4.0,0.75,2.7070586317448244,-0.2929413682551756,6.885308924485123,0.4644851258581326,13.520160183066366,15.150411899313525,2.9576082948858926,2.6048795300326426,-0.35272876485325,2.934448811479899,2.8675674160696105,2.962688245031799,2.8911744744346164,0.9,0.75
tensor-flat,tensor,tensor-flat,flat,4.0,0.85,2.824149659863946,-0.17585034013605405,3.84794050343249,0.27778032036613354,7.506899313501137,8.415377574370723,2.9576082948858926,2.7514153684308287,-0.20619292645506393,2.934448811479899,2.8940726091728948,2.962688245031799,2.9192581672685036,0.94,0.85
tensor-flat,tensor,tensor-flat,flat,4.0,0.95,2.9429347826086962,-0.05706521739130377,1.2021967963386828,0.09107551487414867,2.3360869565217115,2.618421052631618,2.9576082948858926,2.8914050649924734,-0.0662032298934192,2.934448811479899,2.922837486853881,2.962688245031799,2.9476959458472933,0.98,0.95
tensor-flat,tensor,tensor-flat,flat,5.5,0.75,2.68705501618123,-0.3129449838187699,8.968661327231118,0.4827002288329538,17.568466819221953,19.44462242562932,2.956634516968829,2.605360730273506,-0.35127378669532305,2.9231072216352274,2.8567635793389634,2.9630796632173926,2.885465635562577,0.9,0.75
tensor-flat,tensor,tensor-flat,flat,5.5,0.85,2.8166449934980498,-0.18335500650195025,4.990938215102972,0.28688787185355125,9.790617848970243,10.819771167048032,2.956634516968829,2.751747623433631,-0.20488689353519796,2.9231072216352274,2.884948561267568,2.9630796632173926,2.9191068136931726,0.94,0.85
tensor-flat,tensor,tensor-flat,flat,5.5,0.95,2.939288453596082,-0.06071154640391807,1.5528375286041296,0.09562929061785042,3.0419221967963495,3.3652402745995573,2.956634516968829,2.891828973447402,-0.06480554352142676,2.9231072216352274,2.91227662233882,2.9630796632173926,2.948408973009279,0.98,0.95
tensor-gaussian,tensor,tensor-gaussian,gaussian,2.5,0.75,2.781108692011388,-0.21889130798861212,4.08018306636157,0.2823340961098424,7.9508924485126045,9.184965675057214,2.9582390639681497,2.6665306337606545,-0.29170843020749526,2.9438005162374177,2.884190746332158,2.9620443355717265,2.9015312414482195,0.9000000051350288,0.7500000128375718
tensor-gaussian,tensor,tensor-gaussian,gaussian,2.5,0.85,2.8750000000000004,-0.12499999999999956,2.304210526315785,0.16848970251716366,4.476361556064063,5.177643020594957,2.9582390639681497,2.7849711855581827,-0.17326787840996705,2.9438005162374177,2.9051763095471173,2.9620443355717265,2.924723506544934,0.9400000030810172,0.850000007702543
tensor-gaussian,tensor,tensor-gaussian,gaussian,2.5,0.95,2.961479015574842,-0.038520984425157945,0.7331578947368342,0.05464530892449204,1.4071167048054747,1.6302517162471588,2.9582390639681497,2.9016561274331094,-0.05658293653504032,2.9438005162374177,2.9312210578428415,2.9620443355717265,2.9465117864799675,0.9800000010270057,0.9500000025675143
tensor-gaussian,tensor,tensor-gaussian,gaussian,4.0,0.75,2.735298962279691,-0.2647010377203092,6.489130434782595,0.8333409610984006,12.292917620137302,14.271533180778022,2.9576082948858926,2.667132200149474,-0.29047609473641867,2.934448811479899,2.8442542870063887,2.962688245031799,2.8627847619629723,0.9000000020058706,0.7500000050146766
tensor-gaussian,tensor,tensor-gaussian,gaussian,4.0,0.85,2.844629703648719,-0.15537029635128086,3.6703432494279227,0.49180778032037153,6.917185354691071,8.069290617848992,2.9576082948858926,2.785296299109298,-0.17231199577659462,2.934448811479899,2.880424372402369,2.962688245031799,2.9024445222278854,0.9400000012035223,0.850000003008806
tensor-gaussian,tensor,tensor-gaussian,gaussian,4.0,0.95,2.9507788900077006,-0.04922110999229945,1.1612128146453102,0.1639359267734477,2.1721510297483064,2.545560640732333,2.9576082948858926,2.9020326461614405,-0.05557564872445209,2.934448811479899,2.9189975675532036,2.962688245031799,2.940467690989547,0.9800000004011741,0.9500000010029352
tensor-gaussian,tensor,tensor-gaussian,gaussian,5.5,0.75,2.716357688113414,-0.28364231188658584,8.659004576659058,1.3297025171624703,16.124919908466836,18.297070938215114,2.956634516968829,2.667916007107186,-0.28871850986164294,2.9231072216352274,2.8198903931410264,2.9630796632173926,2.832263620450621,0.9000000010609563,0.750000002652391
tensor-gaussian,tensor,tensor-gaussian,gaussian,5.5,0.85,2.835724043715847,-0.16427595628415315,4.893032036613292,0.7832494279176245,9.121212814645304,10.455469107551494,2.956634516968829,2.7855927340245836,-0.1710417829442452,2.9231072216352274,2.864380832027413,2.9630796632173926,2.887294051808422,0.9400000006365739,0.8500000015914345
tensor-gaussian,tensor,tensor-gaussian,gaussian,5.5,0.95,2.947113109323237,-0.052886890676763,1.543729977116712,0.2550114416476106,2.8688787185354556,3.3242562929061705,2.956634516968829,2.9022904879291658,-0.054344029039663067,2.9231072216352274,2.9069080509047867,2.9630796632173926,2.936321865845759,0.9800000002121912,0.9500000005304782
