g_profile,sulcus_width_mm,g_sulcus_min,anisotropy_delta_mm_min,anisotropy_sulcus_local_delta_mm_min
flat,2.5,0.95,0.018946171559491187,0.00436126798199421
flat,2.5,0.85,0.05168336870901946,0.031261381023194534
flat,2.5,0.75,0.08518710874856561,0.06589502220619492
flat,4.0,0.95,0.02056146490460531,0.005604359086159416
flat,4.0,0.85,0.06585193191589278,0.03420136297173881
flat,4.0,0.75,0.10671443103372402,0.07076986494085657
flat,5.5,0.95,0.021100823375856503,0.007285558214009669
flat,5.5,0.85,0.06916051331592232,0.035973918178994424
flat,5.5,0.75,0.11768102667237468,0.07435830881055638
gaussian,2.5,0.95,0.0171803306601106,0.004669896347481384
gaussian,2.5,0.85,0.04663852126573742,0.028741430131763224
gaussian,2.5,0.75,0.07620730485634253,0.057785855217277415
gaussian,4.0,0.95,0.01825532825677456,0.005377846481224413
gaussian,4.0,0.85,0.05771170064731246,0.029317628217604863
gaussian,4.0,0.75,0.09982182404057749,0.06005225070527098
gaussian,5.5,0.95,0.02062103322641118,0.006273421828062453
gaussian,5.5,0.85,0.06261651462477413,0.030210059592171046
gaussian,5.5,0.75,0.1136110008463338,0.06161466712572894
