family_label,diffusion_mode,g_profile,base_profile,sulcus_width_mm,g_sulcus_min,electrode_speed_mm_min,delta_speed_mm_min,delay_sulcus_s,delay_upstream_s,delay_downstream_s,peak_delay_s,control_sulcus_local_speed_mm_min,dipole_sulcus_local_speed_mm_min,delta_sulcus_local_speed_mm_min,control_upstream_local_speed_mm_min,dipole_upstream_local_speed_mm_min,control_downstream_local_speed_mm_min,dipole_downstream_local_speed_mm_min,sulcus_tangent_min,sulcus_normal_min
scalar-flat,scalar,scalar-flat,flat,2.5,0.75,2.655682456468826,-0.34431754353117405,6.797483079526231,0.6877453468697183,12.155499153976308,19.40081641285954,2.975231743042127,2.526058692493915,-0.4491730505482119,2.990198562569401,2.8907231222273206,2.9583003917928448,2.868181989139612,0.75,0.75
scalar-flat,scalar,scalar-flat,flat,2.5,0.85,2.7970814435022677,-0.20291855649773227,3.80659052453467,0.4158460236886583,6.7814890016920515,10.716032148900155,2.975231743042127,2.711695581901094,-0.26353616114103273,2.990198562569401,2.933941358325747,2.9583003917928448,2.9058711718319428,0.85,0.85
scalar-flat,scalar,scalar-flat,flat,2.5,0.95,2.9348230912476723,-0.06517690875232773,1.1995558375634232,0.12795262267346175,2.1112182741117067,3.31077411167513,2.975231743042127,2.8898116766267155,-0.08542006641541144,2.990198562569401,2.974366574782093,2.9583003917928448,2.9405475805048242,0.95,0.95
scalar-flat,scalar,scalar-flat,flat,4.0,0.75,2.5821955215729115,-0.41780447842708845,9.852351945854494,0.7517216582064137,17.801408629441624,25.158684433164154,2.9758635587304463,2.5220736606510927,-0.45378989807935355,2.979075652740868,2.8853100472136584,2.955682324714263,2.862883898263972,0.75,0.75
scalar-flat,scalar,scalar-flat,flat,4.0,0.85,2.7456445993031355,-0.25435540069686446,5.485968697123525,0.44783417935701664,9.868346023688673,13.802889170896776,2.9758635587304463,2.709360718602145,-0.26650284012830117,2.979075652740868,2.924864787232008,2.955682324714263,2.9014351894870596,0.85,0.85
scalar-flat,scalar,scalar-flat,flat,4.0,0.95,2.918518518518519,-0.08148148148148104,1.7113663282571991,0.1439467005076196,3.070862944162428,4.23843062605755,2.9758635587304463,2.888676261255234,-0.08718729747521214,2.979075652740868,2.959059552678692,2.955682324714263,2.937751096300236,0.95,0.95
scalar-flat,scalar,scalar-flat,flat,5.5,0.75,2.551997121266643,-0.448002878733357,12.859238578680184,0.8077009306260621,23.399335871404418,30.0688663282572,2.975231743042127,2.518717492847746,-0.4565142501943811,2.9663819961316658,2.8754715682575185,2.953643219728729,2.860968368459375,0.75,0.75
scalar-flat,scalar,scalar-flat,flat,5.5,0.85,2.7340015420200463,-0.2659984579799537,7.133358714043993,0.4798223350253856,12.923214890016936,16.47390016920471,2.975231743042127,2.7084690513218774,-0.26676269172024947,2.9663819961316658,2.9084463899345017,2.953643219728729,2.898467500421484,0.85,0.85
scalar-flat,scalar,scalar-flat,flat,5.5,0.95,2.9137222678718158,-0.08627773212818424,2.2231768189509182,0.15994077834179166,4.014513536379013,5.054128595600702,2.975231743042127,2.8886762612552435,-0.08655548178688344,2.9663819961316658,2.9420732356918067,2.953643219728729,2.935074862147494,0.95,0.95
scalar-gaussian,scalar,scalar-gaussian,gaussian,2.5,0.75,2.69248291571754,-0.30751708428245994,5.8378384094754665,0.4638282571911958,10.380156514382392,17.033692893401025,2.975231743042127,2.5985679093877785,-0.3766638336543484,2.990198562569401,2.8993871599486885,2.9583003917928448,2.882487225381784,0.7500000128375718,0.7500000128375718
scalar-gaussian,scalar,scalar-gaussian,gaussian,2.5,0.85,2.81708043694141,-0.18291956305859003,3.2947800338409508,0.2718993231810529,5.8378384094754665,9.500482233502538,2.975231743042127,2.759297140397532,-0.21593460264459496,2.990198562569401,2.9331453275483463,2.9583003917928448,2.9142767465936825,0.850000007702543,0.850000007702543
scalar-gaussian,scalar,scalar-gaussian,gaussian,2.5,0.95,2.941518042306097,-0.05848195769390285,1.03961505922166,0.09596446700506789,1.8393189509306183,2.9589043993232167,2.975231743042127,2.902477122195838,-0.07275462084628881,2.990198562569401,2.977644170729479,2.9583003917928448,2.9404572466518877,0.9500000025675143,0.9500000025675143
scalar-gaussian,scalar,scalar-gaussian,gaussian,4.0,0.75,2.617940199335549,-0.3820598006644511,9.292559221658237,1.3115143824027058,16.24998307952623,21.991857021996623,2.9758635587304463,2.5977344717563895,-0.3781290869740568,2.979075652740868,2.8446254146804963,2.955682324714263,2.8262505716730066,0.7500000050146766,0.7500000050146766
scalar-gaussian,scalar,scalar-gaussian,gaussian,4.0,0.85,2.7768206734534067,-0.22317932654659334,5.24605752961083,0.7837098138747649,9.132618443316431,12.219475465313025,2.9758635587304463,2.758355271404956,-0.2175082873254901,2.979075652740868,2.898380989333221,2.955682324714263,2.8802986038859433,0.850000003008806,0.850000003008806
scalar-gaussian,scalar,scalar-gaussian,gaussian,4.0,0.95,2.9287631633285156,-0.0712368366714844,1.6473900169204683,0.25590524534686665,2.8629399323181133,3.8065905245346983,2.9758635587304463,2.9021948212544224,-0.07366873747602387,2.979075652740868,2.953094070805642,2.955682324714263,2.928895844585089,0.9500000010029352,0.9500000010029352
scalar-gaussian,scalar,scalar-gaussian,gaussian,5.5,0.75,2.5850191361399673,-0.41498086386003274,12.491374788494085,2.1831916243654916,21.815922165820652,26.918032994923863,2.975231743042127,2.597874620061088,-0.3773571229810391,2.9663819961316658,2.801680152666715,2.953643219728729,2.7914133726711268,0.750000002652391,0.750000002652391
scalar-gaussian,scalar,scalar-gaussian,gaussian,5.5,0.85,2.760070052539405,-0.23992994746059493,7.021400169204725,1.2795262267343546,12.227472504230121,15.2103680203046,2.975231743042127,2.7579825206908977,-0.21724922235122923,2.9663819961316658,2.8653255195385015,2.953643219728729,2.8594200214579977,0.8500000015914345,0.8500000015914345
scalar-gaussian,scalar,scalar-gaussian,gaussian,5.5,0.95,2.922728209355038,-0.07727179064496204,2.2071827411167533,0.4158460236886725,3.838578680203028,4.798223350253863,2.975231743042127,2.9021948212544224,-0.07303692178770449,2.9663819961316658,2.931644712569856,2.953643219728729,2.9206290163537014,0.9500000005304782,0.9500000005304782
tensor-flat,tensor,tensor-flat,flat,2.5,0.75,2.7408695652173916,-0.25913043478260844,5.358016074450063,0.49581641285955413,10.100260152284264,11.899593908629498,2.975231743042127,2.59195371470011,-0.38327802834201696,2.990198562569401,2.9173374189655066,2.9583003917928448,2.885491402983864,0.9,0.75
tensor-flat,tensor,tensor-flat,flat,2.5,0.85,2.848764812211287,-0.1512351877887128,3.006886632825683,0.2878934010152534,5.629915397631152,6.621548223350317,2.975231743042127,2.7429569629242887,-0.2322747801178382,2.990198562569401,2.953517346640553,2.9583003917928448,2.913859138189509,0.94,0.85
tensor-flat,tensor,tensor-flat,flat,2.5,0.95,2.9537692628071635,-0.046230737192836546,0.943650592216585,0.095964467005075,1.7593485617597366,2.0632360406091834,2.975231743042127,2.8941729446087097,-0.08105879843341723,2.990198562569401,2.978958240102342,2.9583003917928448,2.9431708892320145,0.98,0.95
tensor-flat,tensor,tensor-flat,flat,4.0,0.75,2.6889099526066356,-0.31109004739336443,7.6851543993231815,0.5278045685279196,14.746539763113361,17.17763959390868,2.9758635587304463,2.5928435255919493,-0.383020033138497,2.979075652740868,2.921138108604037,2.955682324714263,2.8819980744714107,0.9,0.75
tensor-flat,tensor,tensor-flat,flat,4.0,0.85,2.8114965312190283,-0.18850346878097168,4.286412859560073,0.3198815566835691,8.204961928934011,9.51647631133676,2.9758635587304463,2.743562081573884,-0.23230147715656235,2.979075652740868,2.943646549556535,2.955682324714263,2.910130525032006,0.94,0.85
tensor-flat,tensor,tensor-flat,flat,4.0,0.95,2.9390799834231243,-0.060920016576875735,1.34350253807105,0.11195854483923995,2.5590524534686807,2.9589043993232167,2.9758635587304463,2.8942806203413936,-0.08158293838905273,2.979075652740868,2.9674722920766845,2.955682324714263,2.939825142700643,0.98,0.95
tensor-flat,tensor,tensor-flat,flat,5.5,0.75,2.6696781479390177,-0.3303218520609823,9.900334179357046,0.5437986463620987,19.2888578680203,22.119809644670113,2.975231743042127,2.593075801658302,-0.3821559413838247,2.9663819961316658,2.9097803340859456,2.953643219728729,2.880701955021856,0.9,0.75
tensor-flat,tensor,tensor-flat,flat,5.5,0.85,2.8031620553359686,-0.19683794466403137,5.517956852791869,0.3198815566835975,10.708035109983086,12.235469543147246,2.975231743042127,2.744442969500872,-0.23078877354125504,2.9663819961316658,2.9282265611445797,2.953643219728729,2.907638171802149,0.94,0.85
tensor-flat,tensor,tensor-flat,flat,5.5,0.95,2.9348230912476723,-0.06517690875232773,1.7113663282572134,0.11195854483925416,3.326768189509295,3.80659052453467,2.975231743042127,2.895961819469253,-0.07926992357287377,2.9663819961316658,2.9527510082306723,2.953643219728729,2.9377510963002726,0.98,0.95
tensor-gaussian,tensor,tensor-gaussian,gaussian,2.5,0.75,2.7686902205738826,-0.2313097794261174,4.6062944162436565,0.3358756345177625,8.70077834179358,10.572085448392556,2.975231743042127,2.656353764605056,-0.318877978437071,2.990198562569401,2.925576249505615,2.9583003917928448,2.89737587335558,0.9000000051350288,0.7500000128375718
tensor-gaussian,tensor,tensor-gaussian,gaussian,2.5,0.85,2.8637189582071474,-0.1362810417928526,2.607034686971218,0.1919289340101642,4.89418781725891,5.9657910321489,2.975231743042127,2.788038570529295,-0.18719317251283174,2.990198562569401,2.9552925064498314,2.9583003917928448,2.919633735652196,0.9400000030810172,0.850000007702543
tensor-gaussian,tensor,tensor-gaussian,gaussian,2.5,0.95,2.9586983729662077,-0.041301627033792254,0.8156979695431517,0.06397631133671666,1.5354314720812283,1.88730118443317,2.975231743042127,2.9071470185433195,-0.06808472449880743,2.990198562569401,2.9794984532204234,2.9583003917928448,2.9431708892319968,0.9800000010270057,0.9500000025675143
tensor-gaussian,tensor,tensor-gaussian,gaussian,4.0,0.75,2.7177620233761264,-0.2822379766238736,7.213329103214882,0.9276565143824094,13.435025380710655,16.265977157360453,2.9758635587304463,2.6577867224616605,-0.3180768362687858,2.979075652740868,2.8954442135753524,2.955682324714263,2.8506246970993843,0.9000000020058706,0.7500000050146766
tensor-gaussian,tensor,tensor-gaussian,gaussian,4.0,0.85,2.834532374100719,-0.16546762589928088,4.07848984771573,0.5597927241962708,7.565198815566816,9.16460659898479,2.9758635587304463,2.787672899622561,-0.18819065910788524,2.979075652740868,2.93062695475718,2.955682324714263,2.892344399658072,0.9400000012035223,0.850000003008806
tensor-gaussian,tensor,tensor-gaussian,gaussian,4.0,0.95,2.94701849158529,-0.05298150841470983,1.2955203045685124,0.17593485617598503,2.38311759729271,2.8949280879865,2.9758635587304463,2.907572667735647,-0.06829089099479946,2.979075652740868,2.9619750947218,2.955682324714263,2.9316223328338147,0.9800000004011741,0.9500000010029352
tensor-gaussian,tensor,tensor-gaussian,gaussian,5.5,0.75,2.698630136986301,-0.30136986301369895,9.54846446700509,1.4714551607445117,17.769420473773252,21.703963620981483,2.975231743042127,2.6594892871868168,-0.31574245585531013,2.9663819961316658,2.8657017083305125,2.953643219728729,2.8204135040072016,0.9000000010609563,0.750000002652391
tensor-gaussian,tensor,tensor-gaussian,gaussian,5.5,0.85,2.822686567164179,-0.1773134328358208,5.39000423011845,0.8636802030456963,9.996298646362106,12.235469543147246,2.975231743042127,2.7881925802830687,-0.1870391627590582,2.9663819961316658,2.904629658309318,2.953643219728729,2.873783614270322,0.9400000006365739,0.8500000015914345
tensor-gaussian,tensor,tensor-gaussian,gaussian,5.5,0.95,2.943349242581449,-0.05665075741855086,1.69537225042302,0.287893401015225,3.1348392554991733,3.854572758037307,2.975231743042127,2.908468243082485,-0.06676349995964204,2.9663819961316658,2.944825368399124,2.953643219728729,2.9238873739331996,0.9800000002121912,0.9500000005304782
