study_axis,resolution_label,geometry_label,nx,ny,mechanistic_dt_scale,baseline_dt_used_s,dipole_dt_used_s,baseline_arrival_speed_mm_min,dipole_arrival_speed_mm_min,baseline_cross_fold_delay_s,dipole_cross_fold_delay_s,speed_slowdown_mm_min,delay_increase_s
mesh,coarse,representative_folded,56,24,4.0,0.06699872292330022,0.06699872292330022,2.6395296733461002,2.5604062490070376,123.21065145594912,127.02957866257722,0.07912342433906261,3.8189272066281035
mesh,coarse,flat_control,56,24,4.0,0.0667868830561675,0.0667868830561675,3.3584299065420704,3.3584299065420704,50.15694917518179,50.15694917518179,0.0,0.0
mesh,reference,representative_folded,64,28,4.0,0.04996995735874618,0.04996995735874618,2.6091699831548576,2.5368718587402426,127.97306079574898,131.42098785350245,0.07229812441461503,3.447927057753475
mesh,reference,flat_control,64,28,4.0,0.0498390938676084,0.0498390938676084,3.3394569067296347,3.3394569067296347,56.66704972747075,56.66704972747075,0.0,0.0
mesh,fine,representative_folded,72,32,4.0,0.038689239496351974,0.038689239496351974,2.679048299625906,2.6175436129618648,128.60303208587396,131.6207927665894,0.06150468666404141,3.0177606807154405
mesh,fine,flat_control,72,32,4.0,0.038602438589422194,0.038602438589422194,3.372231197496888,3.372231197496888,61.06905784846592,61.06905784846592,0.0,0.0
time_step,reference_auto_dt,representative_folded,64,28,4.0,0.04996995735874618,0.04996995735874618,2.6091699831548576,2.5368718587402426,127.97306079574898,131.42098785350245,0.07229812441461503,3.447927057753475
time_step,reference_auto_dt,flat_control,64,28,4.0,0.0498390938676084,0.0498390938676084,3.3394569067296347,3.3394569067296347,56.66704972747075,56.66704972747075,0.0,0.0
time_step,reference_half_dt,representative_folded,64,28,8.0,0.02498497867937309,0.02498497867937309,2.6071343521947212,2.534707087077337,128.07300071046646,131.54591274689932,0.07242726511738429,3.4729120364328594
time_step,reference_half_dt,flat_control,64,28,8.0,0.0249195469338042,0.0249195469338042,3.3483227215262623,3.3483227215262623,56.54245199280174,56.54245199280174,0.0,0.0
