geometry,requested_depth_mm,requested_sigma_mm,profile_index,y_mm,z_mm
flat_control,0.0,1.5,0,-5.0,0.0
flat_control,0.0,1.5,1,-4.62962962962963,0.0
flat_control,0.0,1.5,2,-4.2592592592592595,0.0
flat_control,0.0,1.5,3,-3.888888888888889,0.0
flat_control,0.0,1.5,4,-3.5185185185185186,0.0
flat_control,0.0,1.5,5,-3.1481481481481484,0.0
flat_control,0.0,1.5,6,-2.7777777777777777,0.0
flat_control,0.0,1.5,7,-2.4074074074074074,0.0
flat_control,0.0,1.5,8,-2.037037037037037,0.0
flat_control,0.0,1.5,9,-1.666666666666667,0.0
flat_control,0.0,1.5,10,-1.2962962962962967,0.0
flat_control,0.0,1.5,11,-0.9259259259259265,0.0
flat_control,0.0,1.5,12,-0.5555555555555554,0.0
flat_control,0.0,1.5,13,-0.18518518518518512,0.0
flat_control,0.0,1.5,14,0.18518518518518512,0.0
flat_control,0.0,1.5,15,0.5555555555555554,0.0
flat_control,0.0,1.5,16,0.9259259259259256,0.0
flat_control,0.0,1.5,17,1.2962962962962958,0.0
flat_control,0.0,1.5,18,1.666666666666666,0.0
flat_control,0.0,1.5,19,2.0370370370370363,0.0
flat_control,0.0,1.5,20,2.4074074074074066,0.0
flat_control,0.0,1.5,21,2.7777777777777777,0.0
flat_control,0.0,1.5,22,3.148148148148147,0.0
flat_control,0.0,1.5,23,3.5185185185185173,0.0
flat_control,0.0,1.5,24,3.8888888888888893,0.0
flat_control,0.0,1.5,25,4.2592592592592595,0.0
flat_control,0.0,1.5,26,4.62962962962963,0.0
flat_control,0.0,1.5,27,5.0,0.0
depth_1.2_sigma_1.1,1.2,1.1,0,-5.0,-3.9144252415993675e-05
depth_1.2_sigma_1.1,1.2,1.1,1,-4.62962962962963,-0.0001708910330752594
depth_1.2_sigma_1.1,1.2,1.1,2,-4.2592592592592595,-0.0006660944789167499
depth_1.2_sigma_1.1,1.2,1.1,3,-3.888888888888889,-0.0023180226722142724
depth_1.2_sigma_1.1,1.2,1.1,4,-3.5185185185185186,-0.007202193937507124
depth_1.2_sigma_1.1,1.2,1.1,5,-3.1481481481481484,-0.019979160268948037
depth_1.2_sigma_1.1,1.2,1.1,6,-2.7777777777777777,-0.0494828763611802
depth_1.2_sigma_1.1,1.2,1.1,7,-2.4074074074074074,-0.1094203070474079
depth_1.2_sigma_1.1,1.2,1.1,8,-2.037037037037037,-0.21602609167322787
depth_1.2_sigma_1.1,1.2,1.1,9,-1.666666666666667,-0.38078494953001835
depth_1.2_sigma_1.1,1.2,1.1,10,-1.2962962962962967,-0.5992646053777022
depth_1.2_sigma_1.1,1.2,1.1,11,-0.9259259259259265,-0.8420206980791726
depth_1.2_sigma_1.1,1.2,1.1,12,-0.5555555555555554,-1.0563119517018718
depth_1.2_sigma_1.1,1.2,1.1,13,-0.18518518518518512,-1.1831148538246679
depth_1.2_sigma_1.1,1.2,1.1,14,0.18518518518518512,-1.1831148538246679
depth_1.2_sigma_1.1,1.2,1.1,15,0.5555555555555554,-1.0563119517018718
depth_1.2_sigma_1.1,1.2,1.1,16,0.9259259259259256,-0.8420206980791732
depth_1.2_sigma_1.1,1.2,1.1,17,1.2962962962962958,-0.5992646053777028
depth_1.2_sigma_1.1,1.2,1.1,18,1.666666666666666,-0.38078494953001885
depth_1.2_sigma_1.1,1.2,1.1,19,2.0370370370370363,-0.21602609167322825
depth_1.2_sigma_1.1,1.2,1.1,20,2.4074074074074066,-0.10942030704740809
depth_1.2_sigma_1.1,1.2,1.1,21,2.7777777777777777,-0.0494828763611802
depth_1.2_sigma_1.1,1.2,1.1,22,3.148148148148147,-0.019979160268948113
depth_1.2_sigma_1.1,1.2,1.1,23,3.5185185185185173,-0.007202193937507149
depth_1.2_sigma_1.1,1.2,1.1,24,3.8888888888888893,-0.0023180226722142702
depth_1.2_sigma_1.1,1.2,1.1,25,4.2592592592592595,-0.0006660944789167499
depth_1.2_sigma_1.1,1.2,1.1,26,4.62962962962963,-0.0001708910330752594
depth_1.2_sigma_1.1,1.2,1.1,27,5.0,-3.9144252415993675e-05
depth_1.2_sigma_1.5,1.2,1.5,0,-5.0,-0.0046391041673673646
depth_1.2_sigma_1.5,1.2,1.5,1,-4.62962962962963,-0.010248008455224932
depth_1.2_sigma_1.5,1.2,1.5,2,-4.2592592592592595,-0.021299405956904584
depth_1.2_sigma_1.5,1.2,1.5,3,-3.888888888888889,-0.04165030369542461
depth_1.2_sigma_1.5,1.2,1.5,4,-3.5185185185185186,-0.0766287108118076
depth_1.2_sigma_1.5,1.2,1.5,5,-3.1481481481481484,-0.13264397593068925
depth_1.2_sigma_1.5,1.2,1.5,6,-2.7777777777777777,-0.21602609167322787
depth_1.2_sigma_1.5,1.2,1.5,7,-2.4074074074074074,-0.3310149061156045
depth_1.2_sigma_1.5,1.2,1.5,8,-2.037037037037037,-0.4772122233402575
depth_1.2_sigma_1.5,1.2,1.5,9,-1.666666666666667,-0.6472890086851517
depth_1.2_sigma_1.5,1.2,1.5,10,-1.2962962962962967,-0.8260523503003011
depth_1.2_sigma_1.5,1.2,1.5,11,-0.9259259259259265,-0.9918353323897668
depth_1.2_sigma_1.5,1.2,1.5,12,-0.5555555555555554,-1.1204545499805418
depth_1.2_sigma_1.5,1.2,1.5,13,-0.18518518518518512,-1.1908898100938685
depth_1.2_sigma_1.5,1.2,1.5,14,0.18518518518518512,-1.1908898100938685
depth_1.2_sigma_1.5,1.2,1.5,15,0.5555555555555554,-1.1204545499805418
depth_1.2_sigma_1.5,1.2,1.5,16,0.9259259259259256,-0.9918353323897673
depth_1.2_sigma_1.5,1.2,1.5,17,1.2962962962962958,-0.8260523503003016
depth_1.2_sigma_1.5,1.2,1.5,18,1.666666666666666,-0.6472890086851523
depth_1.2_sigma_1.5,1.2,1.5,19,2.0370370370370363,-0.47721222334025776
depth_1.2_sigma_1.5,1.2,1.5,20,2.4074074074074066,-0.33101490611560486
depth_1.2_sigma_1.5,1.2,1.5,21,2.7777777777777777,-0.21602609167322787
depth_1.2_sigma_1.5,1.2,1.5,22,3.148148148148147,-0.1326439759306895
depth_1.2_sigma_1.5,1.2,1.5,23,3.5185185185185173,-0.07662871081180779
depth_1.2_sigma_1.5,1.2,1.5,24,3.8888888888888893,-0.04165030369542456
depth_1.2_sigma_1.5,1.2,1.5,25,4.2592592592592595,-0.021299405956904584
depth_1.2_sigma_1.5,1.2,1.5,26,4.62962962962963,-0.010248008455224932
depth_1.2_sigma_1.5,1.2,1.5,27,5.0,-0.0046391041673673646
depth_1.2_sigma_1.9,1.2,1.9,0,-5.0,-0.03761763504740037
depth_1.2_sigma_1.9,1.2,1.9,1,-4.62962962962963,-0.061648698097005336
depth_1.2_sigma_1.9,1.2,1.9,2,-4.2592592592592595,-0.09726438305995286
depth_1.2_sigma_1.9,1.2,1.9,3,-3.888888888888889,-0.14773427642618409
depth_1.2_sigma_1.9,1.2,1.9,4,-3.5185185185185186,-0.21602609167322784
depth_1.2_sigma_1.9,1.2,1.9,5,-3.1481481481481484,-0.30410856622178006
depth_1.2_sigma_1.9,1.2,1.9,6,-2.7777777777777777,-0.41214364237301887
depth_1.2_sigma_1.9,1.2,1.9,7,-2.4074074074074074,-0.537732223488089
depth_1.2_sigma_1.9,1.2,1.9,8,-2.037037037037037,-0.6754310564510148
depth_1.2_sigma_1.9,1.2,1.9,9,-1.666666666666667,-0.816758184741571
depth_1.2_sigma_1.9,1.2,1.9,10,-1.2962962962962967,-0.9508313026821105
depth_1.2_sigma_1.9,1.2,1.9,11,-0.9259259259259265,-1.0656410765052542
depth_1.2_sigma_1.9,1.2,1.9,12,-0.5555555555555554,-1.1497831515990211
depth_1.2_sigma_1.9,1.2,1.9,13,-0.18518518518518512,-1.1943137554811203
depth_1.2_sigma_1.9,1.2,1.9,14,0.18518518518518512,-1.1943137554811203
depth_1.2_sigma_1.9,1.2,1.9,15,0.5555555555555554,-1.1497831515990211
depth_1.2_sigma_1.9,1.2,1.9,16,0.9259259259259256,-1.0656410765052544
depth_1.2_sigma_1.9,1.2,1.9,17,1.2962962962962958,-0.9508313026821109
depth_1.2_sigma_1.9,1.2,1.9,18,1.666666666666666,-0.8167581847415714
depth_1.2_sigma_1.9,1.2,1.9,19,2.0370370370370363,-0.6754310564510151
depth_1.2_sigma_1.9,1.2,1.9,20,2.4074074074074066,-0.5377322234880894
depth_1.2_sigma_1.9,1.2,1.9,21,2.7777777777777777,-0.41214364237301887
depth_1.2_sigma_1.9,1.2,1.9,22,3.148148148148147,-0.3041085662217804
depth_1.2_sigma_1.9,1.2,1.9,23,3.5185185185185173,-0.21602609167322817
depth_1.2_sigma_1.9,1.2,1.9,24,3.8888888888888893,-0.14773427642618395
depth_1.2_sigma_1.9,1.2,1.9,25,4.2592592592592595,-0.09726438305995286
depth_1.2_sigma_1.9,1.2,1.9,26,4.62962962962963,-0.061648698097005336
depth_1.2_sigma_1.9,1.2,1.9,27,5.0,-0.03761763504740037
depth_1.8_sigma_1.1,1.8,1.1,0,-5.0,-5.8716378623990516e-05
depth_1.8_sigma_1.1,1.8,1.1,1,-4.62962962962963,-0.00025633654961288913
depth_1.8_sigma_1.1,1.8,1.1,2,-4.2592592592592595,-0.0009991417183751248
depth_1.8_sigma_1.1,1.8,1.1,3,-3.888888888888889,-0.003477034008321409
depth_1.8_sigma_1.1,1.8,1.1,4,-3.5185185185185186,-0.010803290906260686
depth_1.8_sigma_1.1,1.8,1.1,5,-3.1481481481481484,-0.029968740403422057
depth_1.8_sigma_1.1,1.8,1.1,6,-2.7777777777777777,-0.07422431454177031
depth_1.8_sigma_1.1,1.8,1.1,7,-2.4074074074074074,-0.16413046057111186
depth_1.8_sigma_1.1,1.8,1.1,8,-2.037037037037037,-0.3240391375098418
depth_1.8_sigma_1.1,1.8,1.1,9,-1.666666666666667,-0.5711774242950275
depth_1.8_sigma_1.1,1.8,1.1,10,-1.2962962962962967,-0.8988969080665534
depth_1.8_sigma_1.1,1.8,1.1,11,-0.9259259259259265,-1.263031047118759
depth_1.8_sigma_1.1,1.8,1.1,12,-0.5555555555555554,-1.584467927552808
depth_1.8_sigma_1.1,1.8,1.1,13,-0.18518518518518512,-1.7746722807370021
depth_1.8_sigma_1.1,1.8,1.1,14,0.18518518518518512,-1.7746722807370021
depth_1.8_sigma_1.1,1.8,1.1,15,0.5555555555555554,-1.584467927552808
depth_1.8_sigma_1.1,1.8,1.1,16,0.9259259259259256,-1.26303104711876
depth_1.8_sigma_1.1,1.8,1.1,17,1.2962962962962958,-0.8988969080665541
depth_1.8_sigma_1.1,1.8,1.1,18,1.666666666666666,-0.5711774242950283
depth_1.8_sigma_1.1,1.8,1.1,19,2.0370370370370363,-0.3240391375098424
depth_1.8_sigma_1.1,1.8,1.1,20,2.4074074074074066,-0.16413046057111214
depth_1.8_sigma_1.1,1.8,1.1,21,2.7777777777777777,-0.07422431454177031
depth_1.8_sigma_1.1,1.8,1.1,22,3.148148148148147,-0.029968740403422168
depth_1.8_sigma_1.1,1.8,1.1,23,3.5185185185185173,-0.010803290906260725
depth_1.8_sigma_1.1,1.8,1.1,24,3.8888888888888893,-0.003477034008321406
depth_1.8_sigma_1.1,1.8,1.1,25,4.2592592592592595,-0.0009991417183751248
depth_1.8_sigma_1.1,1.8,1.1,26,4.62962962962963,-0.00025633654961288913
depth_1.8_sigma_1.1,1.8,1.1,27,5.0,-5.8716378623990516e-05
depth_1.8_sigma_1.5,1.8,1.5,0,-5.0,-0.006958656251051048
depth_1.8_sigma_1.5,1.8,1.5,1,-4.62962962962963,-0.015372012682837397
depth_1.8_sigma_1.5,1.8,1.5,2,-4.2592592592592595,-0.03194910893535688
depth_1.8_sigma_1.5,1.8,1.5,3,-3.888888888888889,-0.06247545554313693
depth_1.8_sigma_1.5,1.8,1.5,4,-3.5185185185185186,-0.11494306621771141
depth_1.8_sigma_1.5,1.8,1.5,5,-3.1481481481481484,-0.1989659638960339
depth_1.8_sigma_1.5,1.8,1.5,6,-2.7777777777777777,-0.3240391375098418
depth_1.8_sigma_1.5,1.8,1.5,7,-2.4074074074074074,-0.49652235917340687
depth_1.8_sigma_1.5,1.8,1.5,8,-2.037037037037037,-0.7158183350103863
depth_1.8_sigma_1.5,1.8,1.5,9,-1.666666666666667,-0.9709335130277276
depth_1.8_sigma_1.5,1.8,1.5,10,-1.2962962962962967,-1.2390785254504517
depth_1.8_sigma_1.5,1.8,1.5,11,-0.9259259259259265,-1.4877529985846503
depth_1.8_sigma_1.5,1.8,1.5,12,-0.5555555555555554,-1.6806818249708129
depth_1.8_sigma_1.5,1.8,1.5,13,-0.18518518518518512,-1.786334715140803
depth_1.8_sigma_1.5,1.8,1.5,14,0.18518518518518512,-1.786334715140803
depth_1.8_sigma_1.5,1.8,1.5,15,0.5555555555555554,-1.6806818249708129
depth_1.8_sigma_1.5,1.8,1.5,16,0.9259259259259256,-1.487752998584651
depth_1.8_sigma_1.5,1.8,1.5,17,1.2962962962962958,-1.2390785254504524
depth_1.8_sigma_1.5,1.8,1.5,18,1.666666666666666,-0.9709335130277283
depth_1.8_sigma_1.5,1.8,1.5,19,2.0370370370370363,-0.7158183350103867
depth_1.8_sigma_1.5,1.8,1.5,20,2.4074074074074066,-0.49652235917340737
depth_1.8_sigma_1.5,1.8,1.5,21,2.7777777777777777,-0.3240391375098418
depth_1.8_sigma_1.5,1.8,1.5,22,3.148148148148147,-0.19896596389603424
depth_1.8_sigma_1.5,1.8,1.5,23,3.5185185185185173,-0.11494306621771168
depth_1.8_sigma_1.5,1.8,1.5,24,3.8888888888888893,-0.06247545554313684
depth_1.8_sigma_1.5,1.8,1.5,25,4.2592592592592595,-0.03194910893535688
depth_1.8_sigma_1.5,1.8,1.5,26,4.62962962962963,-0.015372012682837397
depth_1.8_sigma_1.5,1.8,1.5,27,5.0,-0.006958656251051048
depth_1.8_sigma_1.9,1.8,1.9,0,-5.0,-0.056426452571100565
depth_1.8_sigma_1.9,1.8,1.9,1,-4.62962962962963,-0.09247304714550801
depth_1.8_sigma_1.9,1.8,1.9,2,-4.2592592592592595,-0.1458965745899293
depth_1.8_sigma_1.9,1.8,1.9,3,-3.888888888888889,-0.22160141463927613
depth_1.8_sigma_1.9,1.8,1.9,4,-3.5185185185185186,-0.32403913750984176
depth_1.8_sigma_1.9,1.8,1.9,5,-3.1481481481481484,-0.4561628493326701
depth_1.8_sigma_1.9,1.8,1.9,6,-2.7777777777777777,-0.6182154635595284
depth_1.8_sigma_1.9,1.8,1.9,7,-2.4074074074074074,-0.8065983352321335
depth_1.8_sigma_1.9,1.8,1.9,8,-2.037037037037037,-1.0131465846765222
depth_1.8_sigma_1.9,1.8,1.9,9,-1.666666666666667,-1.2251372771123565
depth_1.8_sigma_1.9,1.8,1.9,10,-1.2962962962962967,-1.4262469540231657
depth_1.8_sigma_1.9,1.8,1.9,11,-0.9259259259259265,-1.5984616147578812
depth_1.8_sigma_1.9,1.8,1.9,12,-0.5555555555555554,-1.7246747273985317
depth_1.8_sigma_1.9,1.8,1.9,13,-0.18518518518518512,-1.7914706332216803
depth_1.8_sigma_1.9,1.8,1.9,14,0.18518518518518512,-1.7914706332216803
depth_1.8_sigma_1.9,1.8,1.9,15,0.5555555555555554,-1.7246747273985317
depth_1.8_sigma_1.9,1.8,1.9,16,0.9259259259259256,-1.5984616147578816
depth_1.8_sigma_1.9,1.8,1.9,17,1.2962962962962958,-1.4262469540231664
depth_1.8_sigma_1.9,1.8,1.9,18,1.666666666666666,-1.225137277112357
depth_1.8_sigma_1.9,1.8,1.9,19,2.0370370370370363,-1.0131465846765226
depth_1.8_sigma_1.9,1.8,1.9,20,2.4074074074074066,-0.8065983352321341
depth_1.8_sigma_1.9,1.8,1.9,21,2.7777777777777777,-0.6182154635595284
depth_1.8_sigma_1.9,1.8,1.9,22,3.148148148148147,-0.4561628493326706
depth_1.8_sigma_1.9,1.8,1.9,23,3.5185185185185173,-0.32403913750984226
depth_1.8_sigma_1.9,1.8,1.9,24,3.8888888888888893,-0.22160141463927593
depth_1.8_sigma_1.9,1.8,1.9,25,4.2592592592592595,-0.1458965745899293
depth_1.8_sigma_1.9,1.8,1.9,26,4.62962962962963,-0.09247304714550801
depth_1.8_sigma_1.9,1.8,1.9,27,5.0,-0.056426452571100565
depth_2.4_sigma_1.1,2.4,1.1,0,-5.0,-7.828850483198735e-05
depth_2.4_sigma_1.1,2.4,1.1,1,-4.62962962962963,-0.0003417820661505188
depth_2.4_sigma_1.1,2.4,1.1,2,-4.2592592592592595,-0.0013321889578334998
depth_2.4_sigma_1.1,2.4,1.1,3,-3.888888888888889,-0.004636045344428545
depth_2.4_sigma_1.1,2.4,1.1,4,-3.5185185185185186,-0.014404387875014248
depth_2.4_sigma_1.1,2.4,1.1,5,-3.1481481481481484,-0.03995832053789607
depth_2.4_sigma_1.1,2.4,1.1,6,-2.7777777777777777,-0.0989657527223604
depth_2.4_sigma_1.1,2.4,1.1,7,-2.4074074074074074,-0.2188406140948158
depth_2.4_sigma_1.1,2.4,1.1,8,-2.037037037037037,-0.43205218334645573
depth_2.4_sigma_1.1,2.4,1.1,9,-1.666666666666667,-0.7615698990600367
depth_2.4_sigma_1.1,2.4,1.1,10,-1.2962962962962967,-1.1985292107554044
depth_2.4_sigma_1.1,2.4,1.1,11,-0.9259259259259265,-1.6840413961583451
depth_2.4_sigma_1.1,2.4,1.1,12,-0.5555555555555554,-2.1126239034037435
depth_2.4_sigma_1.1,2.4,1.1,13,-0.18518518518518512,-2.3662297076493357
depth_2.4_sigma_1.1,2.4,1.1,14,0.18518518518518512,-2.3662297076493357
depth_2.4_sigma_1.1,2.4,1.1,15,0.5555555555555554,-2.1126239034037435
depth_2.4_sigma_1.1,2.4,1.1,16,0.9259259259259256,-1.6840413961583465
depth_2.4_sigma_1.1,2.4,1.1,17,1.2962962962962958,-1.1985292107554055
depth_2.4_sigma_1.1,2.4,1.1,18,1.666666666666666,-0.7615698990600377
depth_2.4_sigma_1.1,2.4,1.1,19,2.0370370370370363,-0.4320521833464565
depth_2.4_sigma_1.1,2.4,1.1,20,2.4074074074074066,-0.21884061409481617
depth_2.4_sigma_1.1,2.4,1.1,21,2.7777777777777777,-0.0989657527223604
depth_2.4_sigma_1.1,2.4,1.1,22,3.148148148148147,-0.039958320537896226
depth_2.4_sigma_1.1,2.4,1.1,23,3.5185185185185173,-0.014404387875014298
depth_2.4_sigma_1.1,2.4,1.1,24,3.8888888888888893,-0.0046360453444285405
depth_2.4_sigma_1.1,2.4,1.1,25,4.2592592592592595,-0.0013321889578334998
depth_2.4_sigma_1.1,2.4,1.1,26,4.62962962962963,-0.0003417820661505188
depth_2.4_sigma_1.1,2.4,1.1,27,5.0,-7.828850483198735e-05
depth_2.4_sigma_1.5,2.4,1.5,0,-5.0,-0.009278208334734729
depth_2.4_sigma_1.5,2.4,1.5,1,-4.62962962962963,-0.020496016910449864
depth_2.4_sigma_1.5,2.4,1.5,2,-4.2592592592592595,-0.04259881191380917
depth_2.4_sigma_1.5,2.4,1.5,3,-3.888888888888889,-0.08330060739084923
depth_2.4_sigma_1.5,2.4,1.5,4,-3.5185185185185186,-0.1532574216236152
depth_2.4_sigma_1.5,2.4,1.5,5,-3.1481481481481484,-0.2652879518613785
depth_2.4_sigma_1.5,2.4,1.5,6,-2.7777777777777777,-0.43205218334645573
depth_2.4_sigma_1.5,2.4,1.5,7,-2.4074074074074074,-0.662029812231209
depth_2.4_sigma_1.5,2.4,1.5,8,-2.037037037037037,-0.954424446680515
depth_2.4_sigma_1.5,2.4,1.5,9,-1.666666666666667,-1.2945780173703034
depth_2.4_sigma_1.5,2.4,1.5,10,-1.2962962962962967,-1.6521047006006022
depth_2.4_sigma_1.5,2.4,1.5,11,-0.9259259259259265,-1.9836706647795337
depth_2.4_sigma_1.5,2.4,1.5,12,-0.5555555555555554,-2.2409090999610837
depth_2.4_sigma_1.5,2.4,1.5,13,-0.18518518518518512,-2.381779620187737
depth_2.4_sigma_1.5,2.4,1.5,14,0.18518518518518512,-2.381779620187737
depth_2.4_sigma_1.5,2.4,1.5,15,0.5555555555555554,-2.2409090999610837
depth_2.4_sigma_1.5,2.4,1.5,16,0.9259259259259256,-1.9836706647795346
depth_2.4_sigma_1.5,2.4,1.5,17,1.2962962962962958,-1.652104700600603
depth_2.4_sigma_1.5,2.4,1.5,18,1.666666666666666,-1.2945780173703045
depth_2.4_sigma_1.5,2.4,1.5,19,2.0370370370370363,-0.9544244466805155
depth_2.4_sigma_1.5,2.4,1.5,20,2.4074074074074066,-0.6620298122312097
depth_2.4_sigma_1.5,2.4,1.5,21,2.7777777777777777,-0.43205218334645573
depth_2.4_sigma_1.5,2.4,1.5,22,3.148148148148147,-0.265287951861379
depth_2.4_sigma_1.5,2.4,1.5,23,3.5185185185185173,-0.15325742162361558
depth_2.4_sigma_1.5,2.4,1.5,24,3.8888888888888893,-0.08330060739084912
depth_2.4_sigma_1.5,2.4,1.5,25,4.2592592592592595,-0.04259881191380917
depth_2.4_sigma_1.5,2.4,1.5,26,4.62962962962963,-0.020496016910449864
depth_2.4_sigma_1.5,2.4,1.5,27,5.0,-0.009278208334734729
depth_2.4_sigma_1.9,2.4,1.9,0,-5.0,-0.07523527009480074
depth_2.4_sigma_1.9,2.4,1.9,1,-4.62962962962963,-0.12329739619401067
depth_2.4_sigma_1.9,2.4,1.9,2,-4.2592592592592595,-0.19452876611990572
depth_2.4_sigma_1.9,2.4,1.9,3,-3.888888888888889,-0.29546855285236817
depth_2.4_sigma_1.9,2.4,1.9,4,-3.5185185185185186,-0.4320521833464557
depth_2.4_sigma_1.9,2.4,1.9,5,-3.1481481481481484,-0.6082171324435601
depth_2.4_sigma_1.9,2.4,1.9,6,-2.7777777777777777,-0.8242872847460377
depth_2.4_sigma_1.9,2.4,1.9,7,-2.4074074074074074,-1.075464446976178
depth_2.4_sigma_1.9,2.4,1.9,8,-2.037037037037037,-1.3508621129020295
depth_2.4_sigma_1.9,2.4,1.9,9,-1.666666666666667,-1.633516369483142
depth_2.4_sigma_1.9,2.4,1.9,10,-1.2962962962962967,-1.901662605364221
depth_2.4_sigma_1.9,2.4,1.9,11,-0.9259259259259265,-2.1312821530105084
depth_2.4_sigma_1.9,2.4,1.9,12,-0.5555555555555554,-2.2995663031980422
depth_2.4_sigma_1.9,2.4,1.9,13,-0.18518518518518512,-2.3886275109622406
depth_2.4_sigma_1.9,2.4,1.9,14,0.18518518518518512,-2.3886275109622406
depth_2.4_sigma_1.9,2.4,1.9,15,0.5555555555555554,-2.2995663031980422
depth_2.4_sigma_1.9,2.4,1.9,16,0.9259259259259256,-2.131282153010509
depth_2.4_sigma_1.9,2.4,1.9,17,1.2962962962962958,-1.9016626053642218
depth_2.4_sigma_1.9,2.4,1.9,18,1.666666666666666,-1.6335163694831427
depth_2.4_sigma_1.9,2.4,1.9,19,2.0370370370370363,-1.3508621129020302
depth_2.4_sigma_1.9,2.4,1.9,20,2.4074074074074066,-1.0754644469761787
depth_2.4_sigma_1.9,2.4,1.9,21,2.7777777777777777,-0.8242872847460377
depth_2.4_sigma_1.9,2.4,1.9,22,3.148148148148147,-0.6082171324435608
depth_2.4_sigma_1.9,2.4,1.9,23,3.5185185185185173,-0.43205218334645634
depth_2.4_sigma_1.9,2.4,1.9,24,3.8888888888888893,-0.2954685528523679
depth_2.4_sigma_1.9,2.4,1.9,25,4.2592592592592595,-0.19452876611990572
depth_2.4_sigma_1.9,2.4,1.9,26,4.62962962962963,-0.12329739619401067
depth_2.4_sigma_1.9,2.4,1.9,27,5.0,-0.07523527009480074
depth_3.0_sigma_1.1,3.0,1.1,0,-5.0,-9.78606310399842e-05
depth_3.0_sigma_1.1,3.0,1.1,1,-4.62962962962963,-0.00042722758268814857
depth_3.0_sigma_1.1,3.0,1.1,2,-4.2592592592592595,-0.0016652361972918747
depth_3.0_sigma_1.1,3.0,1.1,3,-3.888888888888889,-0.0057950566805356814
depth_3.0_sigma_1.1,3.0,1.1,4,-3.5185185185185186,-0.01800548484376781
depth_3.0_sigma_1.1,3.0,1.1,5,-3.1481481481481484,-0.049947900672370094
depth_3.0_sigma_1.1,3.0,1.1,6,-2.7777777777777777,-0.1237071909029505
depth_3.0_sigma_1.1,3.0,1.1,7,-2.4074074074074074,-0.27355076761851976
depth_3.0_sigma_1.1,3.0,1.1,8,-2.037037037037037,-0.5400652291830697
depth_3.0_sigma_1.1,3.0,1.1,9,-1.666666666666667,-0.9519623738250458
depth_3.0_sigma_1.1,3.0,1.1,10,-1.2962962962962967,-1.4981615134442556
depth_3.0_sigma_1.1,3.0,1.1,11,-0.9259259259259265,-2.1050517451979314
depth_3.0_sigma_1.1,3.0,1.1,12,-0.5555555555555554,-2.64077987925468
depth_3.0_sigma_1.1,3.0,1.1,13,-0.18518518518518512,-2.95778713456167
depth_3.0_sigma_1.1,3.0,1.1,14,0.18518518518518512,-2.95778713456167
depth_3.0_sigma_1.1,3.0,1.1,15,0.5555555555555554,-2.64077987925468
depth_3.0_sigma_1.1,3.0,1.1,16,0.9259259259259256,-2.105051745197933
depth_3.0_sigma_1.1,3.0,1.1,17,1.2962962962962958,-1.498161513444257
depth_3.0_sigma_1.1,3.0,1.1,18,1.666666666666666,-0.9519623738250471
depth_3.0_sigma_1.1,3.0,1.1,19,2.0370370370370363,-0.5400652291830706
depth_3.0_sigma_1.1,3.0,1.1,20,2.4074074074074066,-0.2735507676185202
depth_3.0_sigma_1.1,3.0,1.1,21,2.7777777777777777,-0.1237071909029505
depth_3.0_sigma_1.1,3.0,1.1,22,3.148148148148147,-0.04994790067237028
depth_3.0_sigma_1.1,3.0,1.1,23,3.5185185185185173,-0.018005484843767874
depth_3.0_sigma_1.1,3.0,1.1,24,3.8888888888888893,-0.005795056680535676
depth_3.0_sigma_1.1,3.0,1.1,25,4.2592592592592595,-0.0016652361972918747
depth_3.0_sigma_1.1,3.0,1.1,26,4.62962962962963,-0.00042722758268814857
depth_3.0_sigma_1.1,3.0,1.1,27,5.0,-9.78606310399842e-05
depth_3.0_sigma_1.5,3.0,1.5,0,-5.0,-0.011597760418418413
depth_3.0_sigma_1.5,3.0,1.5,1,-4.62962962962963,-0.02562002113806233
depth_3.0_sigma_1.5,3.0,1.5,2,-4.2592592592592595,-0.053248514892261456
depth_3.0_sigma_1.5,3.0,1.5,3,-3.888888888888889,-0.10412575923856154
depth_3.0_sigma_1.5,3.0,1.5,4,-3.5185185185185186,-0.191571777029519
depth_3.0_sigma_1.5,3.0,1.5,5,-3.1481481481481484,-0.33160993982672315
depth_3.0_sigma_1.5,3.0,1.5,6,-2.7777777777777777,-0.5400652291830697
depth_3.0_sigma_1.5,3.0,1.5,7,-2.4074074074074074,-0.8275372652890114
depth_3.0_sigma_1.5,3.0,1.5,8,-2.037037037037037,-1.1930305583506438
depth_3.0_sigma_1.5,3.0,1.5,9,-1.666666666666667,-1.6182225217128794
depth_3.0_sigma_1.5,3.0,1.5,10,-1.2962962962962967,-2.0651308757507527
depth_3.0_sigma_1.5,3.0,1.5,11,-0.9259259259259265,-2.4795883309744173
depth_3.0_sigma_1.5,3.0,1.5,12,-0.5555555555555554,-2.8011363749513545
depth_3.0_sigma_1.5,3.0,1.5,13,-0.18518518518518512,-2.9772245252346714
depth_3.0_sigma_1.5,3.0,1.5,14,0.18518518518518512,-2.9772245252346714
depth_3.0_sigma_1.5,3.0,1.5,15,0.5555555555555554,-2.8011363749513545
depth_3.0_sigma_1.5,3.0,1.5,16,0.9259259259259256,-2.479588330974418
depth_3.0_sigma_1.5,3.0,1.5,17,1.2962962962962958,-2.0651308757507536
depth_3.0_sigma_1.5,3.0,1.5,18,1.666666666666666,-1.6182225217128807
depth_3.0_sigma_1.5,3.0,1.5,19,2.0370370370370363,-1.1930305583506444
depth_3.0_sigma_1.5,3.0,1.5,20,2.4074074074074066,-0.8275372652890123
depth_3.0_sigma_1.5,3.0,1.5,21,2.7777777777777777,-0.5400652291830697
depth_3.0_sigma_1.5,3.0,1.5,22,3.148148148148147,-0.3316099398267237
depth_3.0_sigma_1.5,3.0,1.5,23,3.5185185185185173,-0.19157177702951947
depth_3.0_sigma_1.5,3.0,1.5,24,3.8888888888888893,-0.1041257592385614
depth_3.0_sigma_1.5,3.0,1.5,25,4.2592592592592595,-0.053248514892261456
depth_3.0_sigma_1.5,3.0,1.5,26,4.62962962962963,-0.02562002113806233
depth_3.0_sigma_1.5,3.0,1.5,27,5.0,-0.011597760418418413
depth_3.0_sigma_1.9,3.0,1.9,0,-5.0,-0.09404408761850094
depth_3.0_sigma_1.9,3.0,1.9,1,-4.62962962962963,-0.15412174524251335
depth_3.0_sigma_1.9,3.0,1.9,2,-4.2592592592592595,-0.24316095764988216
depth_3.0_sigma_1.9,3.0,1.9,3,-3.888888888888889,-0.3693356910654602
depth_3.0_sigma_1.9,3.0,1.9,4,-3.5185185185185186,-0.5400652291830697
depth_3.0_sigma_1.9,3.0,1.9,5,-3.1481481481481484,-0.7602714155544501
depth_3.0_sigma_1.9,3.0,1.9,6,-2.7777777777777777,-1.0303591059325472
depth_3.0_sigma_1.9,3.0,1.9,7,-2.4074074074074074,-1.3443305587202226
depth_3.0_sigma_1.9,3.0,1.9,8,-2.037037037037037,-1.688577641127537
depth_3.0_sigma_1.9,3.0,1.9,9,-1.666666666666667,-2.041895461853928
depth_3.0_sigma_1.9,3.0,1.9,10,-1.2962962962962967,-2.377078256705276
depth_3.0_sigma_1.9,3.0,1.9,11,-0.9259259259259265,-2.6641026912631354
depth_3.0_sigma_1.9,3.0,1.9,12,-0.5555555555555554,-2.874457878997553
depth_3.0_sigma_1.9,3.0,1.9,13,-0.18518518518518512,-2.9857843887028004
depth_3.0_sigma_1.9,3.0,1.9,14,0.18518518518518512,-2.9857843887028004
depth_3.0_sigma_1.9,3.0,1.9,15,0.5555555555555554,-2.874457878997553
depth_3.0_sigma_1.9,3.0,1.9,16,0.9259259259259256,-2.6641026912631363
depth_3.0_sigma_1.9,3.0,1.9,17,1.2962962962962958,-2.3770782567052775
depth_3.0_sigma_1.9,3.0,1.9,18,1.666666666666666,-2.0418954618539282
depth_3.0_sigma_1.9,3.0,1.9,19,2.0370370370370363,-1.6885776411275377
depth_3.0_sigma_1.9,3.0,1.9,20,2.4074074074074066,-1.3443305587202234
depth_3.0_sigma_1.9,3.0,1.9,21,2.7777777777777777,-1.0303591059325472
depth_3.0_sigma_1.9,3.0,1.9,22,3.148148148148147,-0.760271415554451
depth_3.0_sigma_1.9,3.0,1.9,23,3.5185185185185173,-0.5400652291830704
depth_3.0_sigma_1.9,3.0,1.9,24,3.8888888888888893,-0.3693356910654599
depth_3.0_sigma_1.9,3.0,1.9,25,4.2592592592592595,-0.24316095764988216
depth_3.0_sigma_1.9,3.0,1.9,26,4.62962962962963,-0.15412174524251335
depth_3.0_sigma_1.9,3.0,1.9,27,5.0,-0.09404408761850094
