geometry,depth,sigma,region,mean_DeltaT,median_DeltaT,minimum_DeltaT,maximum_DeltaT,local_speed_difference,segment_speed_difference,curvature_summary,sign_of_effect,materiality_tolerance_s,n_path_vertices
depth_1.2_sigma_1.1,1.2,1.1,pre-fold flatter region,-0.010379776635365903,0.0,-0.07265843644756131,0.0,20.17467005976153,0.5955554471325488,mean=-0.095865532; min=-0.32338715; max=-0.00063605063 mm^-1,no material difference,0.07265843644755954,7
depth_1.2_sigma_1.1,1.2,1.1,first shoulder/curvature-transition region,0.0,0.0,0.0,0.0,0.0025736428044267345,0.0,mean=-0.28945469; min=-0.35350329; max=-0.2254061 mm^-1,no material difference,0.07265843644755954,2
depth_1.2_sigma_1.1,1.2,1.1,first sulcal bank,-0.03632921822378066,-0.03632921822378066,-0.14531687289512263,0.07265843644756131,0.006426004654890849,0.003193439859875302,mean=0.18733485; min=0.0083237911; max=0.3663459 mm^-1,no material difference,0.07265843644755954,2
depth_1.2_sigma_1.1,1.2,1.1,fundus,0.39962140046157657,0.39962140046157657,-1.5984856018463063,2.3977284027694594,-0.09677213187158473,-0.049475153202581,mean=0.87523481; min=0.87523481; max=0.87523481 mm^-1,slowing,0.07265843644755954,2
depth_1.2_sigma_1.1,1.2,1.1,opposite bank,5.957991788699886,5.957991788699886,5.522041170014518,6.3939424073852535,-0.611583571307636,-0.21848567764145277,mean=0.18733485; min=0.0083237911; max=0.3663459 mm^-1,slowing,0.07265843644755954,2
depth_1.2_sigma_1.1,1.2,1.1,second shoulder/curvature-transition region,9.954205793315666,9.954205793315666,8.428378627916914,11.480032958714418,-1.7092449838019013,-14.12990404297419,mean=-0.28945469; min=-0.35350329; max=-0.2254061 mm^-1,slowing,0.07265843644755954,2
depth_1.2_sigma_1.1,1.2,1.1,post-fold flatter region,-4.120771324240154,-7.338502081203501,-8.501037064364453,7.1931852083083925,-2258.2542188647626,nan,mean=-0.095865532; min=-0.32338715; max=-0.00063605063 mm^-1,acceleration,0.07265843644755954,7
depth_1.2_sigma_1.5,1.2,1.5,pre-fold flatter region,0.0145754522225225,0.0,0.0,0.0728772611126125,0.1836594273167691,nan,mean=-0.090144926; min=-0.17979655; max=-0.020844009 mm^-1,no material difference,0.07287726111260948,5
depth_1.2_sigma_1.5,1.2,1.5,first shoulder/curvature-transition region,0.0,0.0,0.0,0.0,0.0020119906083285177,0.0,mean=-0.13267948; min=-0.20964631; max=-0.0067786979 mm^-1,no material difference,0.07287726111260948,4
depth_1.2_sigma_1.5,1.2,1.5,first sulcal bank,0.0,0.0,0.0,0.0,0.04614463479085518,0.0,mean=0.14841152; min=0.14841152; max=0.14841152 mm^-1,no material difference,0.07287726111260948,1
depth_1.2_sigma_1.5,1.2,1.5,fundus,1.3846679611395771,0.54657945834456,-1.8948087889278469,6.340321716797035,-0.15854640041506401,-0.12803232831997263,mean=0.42382901; min=0.34101786; max=0.50664016 mm^-1,slowing,0.07287726111260948,4
depth_1.2_sigma_1.5,1.2,1.5,opposite bank,7.069094327923125,7.069094327923125,7.069094327923125,7.069094327923125,-0.8442576440170502,-0.3628200347043813,mean=0.14841152; min=0.14841152; max=0.14841152 mm^-1,slowing,0.07287726111260948,1
depth_1.2_sigma_1.5,1.2,1.5,second shoulder/curvature-transition region,6.9233398056979,7.105532958479415,4.226881144531376,9.255412161301393,-6.713452773068559,-60.77234787168151,mean=-0.13267948; min=-0.20964631; max=-0.0067786979 mm^-1,slowing,0.07287726111260948,4
depth_1.2_sigma_1.5,1.2,1.5,post-fold flatter region,-6.719283474582596,-8.380885027950086,-12.753520694706651,2.623581400053922,nan,nan,mean=-0.090144926; min=-0.17979655; max=-0.020844009 mm^-1,acceleration,0.07287726111260948,5
depth_1.2_sigma_1.9,1.2,1.9,pre-fold flatter region,0.024570300195726702,0.0,0.0,0.0737109005871801,nan,nan,mean=-0.087588952; min=-0.11373532; max=-0.061492458 mm^-1,no material difference,0.07371090058718258,3
depth_1.2_sigma_1.9,1.2,1.9,first shoulder/curvature-transition region,-0.029484360234873462,0.0,-0.07371090058718366,0.0,-0.0006344116135298394,0.9951942971567855,mean=-0.093429873; min=-0.13553473; max=-0.0096220015 mm^-1,no material difference,0.07371090058718258,5
depth_1.2_sigma_1.9,1.2,1.9,first sulcal bank,-0.11056635088077371,-0.11056635088077371,-0.22113270176154742,0.0,0.04235188623198227,0.008796674573357532,mean=0.1187231; min=0.071544721; max=0.16590148 mm^-1,acceleration,0.07371090058718258,2
depth_1.2_sigma_1.9,1.2,1.9,fundus,1.418934836303265,0.18427725146795382,-1.6953507135051922,7.0025355557823445,-0.23383196299682352,-0.20180731710152638,mean=0.2917112; min=0.26000791; max=0.32341448 mm^-1,slowing,0.07371090058718258,4
depth_1.2_sigma_1.9,1.2,1.9,opposite bank,5.491462093745099,5.491462093745099,3.022146924074491,7.960777263415707,0.651948748148655,-1.6852188463224325,mean=0.1187231; min=0.071544721; max=0.16590148 mm^-1,slowing,0.07371090058718258,2
depth_1.2_sigma_1.9,1.2,1.9,second shoulder/curvature-transition region,3.906677731120675,3.3169905264232113,1.8427725146795524,6.412848351084875,-81.73096011200661,-55.3797813097531,mean=-0.093429873; min=-0.13553473; max=-0.0096220015 mm^-1,slowing,0.07371090058718258,5
depth_1.2_sigma_1.9,1.2,1.9,post-fold flatter region,-8.009917863807175,-8.919018971049098,-11.277767789838947,-3.832966830533479,nan,nan,mean=-0.087588952; min=-0.11373532; max=-0.061492458 mm^-1,acceleration,0.07371090058718258,3
depth_1.8_sigma_1.1,1.8,1.1,pre-fold flatter region,0.0,0.0,0.0,0.0,0.0011839305045948656,0.0,mean=-0.13715209; min=-0.44489275; max=-0.0009540759 mm^-1,no material difference,0.07265844355723432,7
depth_1.8_sigma_1.1,1.8,1.1,first shoulder/curvature-transition region,0.0,0.0,0.0,0.0,0.004861125061374372,0.0,mean=-0.32124967; min=-0.41811921; max=-0.22438014 mm^-1,no material difference,0.07265844355723432,2
depth_1.8_sigma_1.1,1.8,1.1,first sulcal bank,-0.07265844355723772,-0.07265844355723772,-0.21797533067170605,0.07265844355723061,0.00754549028021656,0.005299570568575773,mean=0.19263578; min=0.0076972618; max=0.3775743 mm^-1,acceleration,0.07265844355723432,2
depth_1.8_sigma_1.1,1.8,1.1,fundus,0.21797533067169894,0.21797533067169894,-2.397728637388738,2.833679298732136,-0.11803524152831502,-0.06276752102788435,mean=1.2141527; min=1.2141527; max=1.2141527 mm^-1,slowing,0.07265844355723432,2
depth_1.8_sigma_1.1,1.8,1.1,opposite bank,6.357613811258005,6.357613811258005,6.030650815250453,6.684576807265557,-1.1349448838859317,0.04570688402431389,mean=0.19263578; min=0.0076972618; max=0.3775743 mm^-1,slowing,0.07265844355723432,2
depth_1.8_sigma_1.1,1.8,1.1,second shoulder/curvature-transition region,9.227622331768757,9.227622331768757,7.265844355723431,11.189400307814083,-6.29041302916475,-34.9116408704072,mean=-0.32124967; min=-0.41811921; max=-0.22438014 mm^-1,slowing,0.07265844355723432,2
depth_1.8_sigma_1.1,1.8,1.1,post-fold flatter region,-4.1830503933664955,-7.5564781299523816,-8.86433011398259,7.701795017066843,nan,nan,mean=-0.13715209; min=-0.44489275; max=-0.0009540759 mm^-1,acceleration,0.07265844355723432,7
depth_1.8_sigma_1.5,1.8,1.5,pre-fold flatter region,0.014577652878578817,0.0,-0.07288826439289053,0.07288826439289409,1.0130385213362203,nan,mean=-0.13192392; min=-0.2570122; max=-0.031259785 mm^-1,no material difference,0.07288826439289135,5
depth_1.8_sigma_1.5,1.8,1.5,first shoulder/curvature-transition region,-0.018222066098222633,0.0,-0.07288826439289053,0.0,-0.0013768130976604676,-0.015583653178419699,mean=-0.16581644; min=-0.28151319; max=-0.0073804829 mm^-1,no material difference,0.07288826439289135,4
depth_1.8_sigma_1.5,1.8,1.5,first sulcal bank,-0.07288826439290119,-0.07288826439290119,-0.07288826439290119,-0.07288826439290119,0.05660016453990213,0.005953031774880824,mean=0.16782253; min=0.16782253; max=0.16782253 mm^-1,acceleration,0.07288826439289135,1
depth_1.8_sigma_1.5,1.8,1.5,fundus,1.530653552250719,0.5102178507502373,-2.4782009893582995,7.580379496860701,-0.21328186880732292,-0.1884314477872287,mean=0.58849665; min=0.43517705; max=0.74181624 mm^-1,slowing,0.07288826439289135,4
depth_1.8_sigma_1.5,1.8,1.5,opposite bank,6.487055530967353,6.487055530967353,6.487055530967353,6.487055530967353,-1.0617891928697967,2.4912567181578,mean=0.16782253; min=0.16782253; max=0.16782253 mm^-1,slowing,0.07288826439289135,1
depth_1.8_sigma_1.5,1.8,1.5,second shoulder/curvature-transition region,6.432389332672663,6.815052720735352,3.425748426465873,8.673703462754077,-39.58286692617931,-30.0460167760523,mean=-0.16581644; min=-0.28151319; max=-0.0073804829 mm^-1,slowing,0.07288826439289135,4
depth_1.8_sigma_1.5,1.8,1.5,post-fold flatter region,-6.822341547174631,-8.527926933968303,-13.046999326327551,2.842642311322777,nan,nan,mean=-0.13192392; min=-0.2570122; max=-0.031259785 mm^-1,acceleration,0.07288826439289135,5
depth_1.8_sigma_1.9,1.8,1.9,pre-fold flatter region,-8.966433839567467,-9.976389299518758,-13.080154859369003,-3.842757359814641,nan,nan,mean=-0.12894263; min=-0.16547824; max=-0.091772444 mm^-1,acceleration,0.07389917999643511,3
depth_1.8_sigma_1.9,1.8,1.9,first shoulder/curvature-transition region,5.77891587572123,4.803446699768301,2.8081688398645497,9.311296679550821,-182.37010523405036,nan,mean=-0.12409915; min=-0.18720717; max=-0.011556621 mm^-1,slowing,0.07389917999643511,5
depth_1.8_sigma_1.9,1.8,1.9,first sulcal bank,7.31601881964707,7.31601881964707,4.286152439793227,10.345885199500913,nan,nan,mean=0.1503548; min=0.087201374; max=0.21350822 mm^-1,slowing,0.07389917999643511,2
depth_1.8_sigma_1.9,1.8,1.9,fundus,1.6812063449188912,-1.4210854715202004e-14,-2.660370479871659,9.385195859547252,nan,nan,mean=0.42145945; min=0.36242417; max=0.48049473 mm^-1,slowing,0.07389917999643511,4
depth_1.8_sigma_1.9,1.8,1.9,opposite bank,-0.1847479499910918,-0.1847479499910918,-0.29559671998573833,-0.07389917999644524,nan,nan,mean=0.1503548; min=0.087201374; max=0.21350822 mm^-1,acceleration,0.07389917999643511,2
depth_1.8_sigma_1.9,1.8,1.9,second shoulder/curvature-transition region,0.0,0.0,0.0,0.0,-1.1683212768782312,nan,mean=-0.12409915; min=-0.18720717; max=-0.011556621 mm^-1,no material difference,0.07389917999643511,5
depth_1.8_sigma_1.9,1.8,1.9,post-fold flatter region,1.1842378929335002e-15,0.0,-0.07389917999643458,0.07389917999643814,-0.03394310846829729,0.19051539928648106,mean=-0.12894263; min=-0.16547824; max=-0.091772444 mm^-1,no material difference,0.07389917999643511,3
depth_2.4_sigma_1.1,2.4,1.1,pre-fold flatter region,0.0,0.0,0.0,0.0,-0.03708927544787999,0.0,mean=-0.17216617; min=-0.52966809; max=-0.0012721011 mm^-1,no material difference,0.07265845351077622,7
depth_2.4_sigma_1.1,2.4,1.1,first shoulder/curvature-transition region,0.03632922675538808,0.03632922675538808,0.0,0.07265845351077616,0.0070971175643632645,-0.011577871239698334,mean=-0.30770408; min=-0.42141914; max=-0.19398902 mm^-1,no material difference,0.07265845351077622,2
depth_2.4_sigma_1.1,2.4,1.1,first sulcal bank,-0.21797536053232847,-0.21797536053232847,-0.508609174575426,0.07265845351076905,0.010863286658630678,0.012736016223511615,mean=0.1710504; min=0.0062903279; max=0.33581048 mm^-1,acceleration,0.07265845351077622,2
depth_2.4_sigma_1.1,2.4,1.1,fundus,-0.21797536053232847,-0.21797536053232847,-3.6329226755388078,3.196971954474151,-0.156675846414718,-0.08439024444163823,mean=1.46043; min=1.46043; max=1.46043 mm^-1,acceleration,0.07265845351077622,2
depth_2.4_sigma_1.1,2.4,1.1,opposite bank,6.321285455437533,6.321285455437533,4.650141024689674,7.992429886185391,-2.8596943974407107,-0.727873335681233,mean=0.1710504; min=0.0062903279; max=0.33581048 mm^-1,slowing,0.07265845351077622,2
depth_2.4_sigma_1.1,2.4,1.1,second shoulder/curvature-transition region,8.028759112940762,8.028759112940762,5.812676280862092,10.24484194501943,-52.4655576662549,-52.00213180533863,mean=-0.30770408; min=-0.42141914; max=-0.19398902 mm^-1,slowing,0.07265845351077622,2
depth_2.4_sigma_1.1,2.4,1.1,post-fold flatter region,-4.224570082697986,-7.629137618631518,-9.15496514235781,7.919771432674622,-1763.9601216166266,nan,mean=-0.17216617; min=-0.52966809; max=-0.0012721011 mm^-1,acceleration,0.07265845351077622,7
depth_2.4_sigma_1.5,2.4,1.5,pre-fold flatter region,0.014580732484375147,0.0,-0.07290366242187929,0.07290366242187929,0.10876668540621637,nan,mean=-0.17021666; min=-0.3211372; max=-0.041668091 mm^-1,no material difference,0.07290366242187728,5
depth_2.4_sigma_1.5,2.4,1.5,first shoulder/curvature-transition region,-0.018225915605469822,0.0,-0.07290366242187929,0.0,-0.0037793438470609675,0.10462479729737839,mean=-0.17835095; min=-0.32552301; max=-0.0068816615 mm^-1,no material difference,0.07290366242187728,4
depth_2.4_sigma_1.5,2.4,1.5,first sulcal bank,-0.14580732484375858,-0.14580732484375858,-0.14580732484375858,-0.14580732484375858,0.07018585013547618,0.010119491015895044,mean=0.16198176; min=0.16198176; max=0.16198176 mm^-1,acceleration,0.07290366242187728,1
depth_2.4_sigma_1.5,2.4,1.5,fundus,1.8225915605469218,0.5103256369531408,-3.280664808984497,9.550379777265903,-0.3421827079675483,-0.35544790680549826,mean=0.71580542; min=0.47481102; max=0.95679981 mm^-1,slowing,0.07290366242187728,4
depth_2.4_sigma_1.5,2.4,1.5,opposite bank,5.467774681640805,5.467774681640805,5.467774681640805,5.467774681640805,-0.8899248808570555,nan,mean=0.16198176; min=0.16198176; max=0.16198176 mm^-1,slowing,0.07290366242187728,1
depth_2.4_sigma_1.5,2.4,1.5,second shoulder/curvature-transition region,5.978100318593938,6.160359474648629,2.843242834453207,8.748439490625287,-356.14433333687936,-54.788780990608444,mean=-0.17835095; min=-0.32552301; max=-0.0068816615 mm^-1,slowing,0.07290366242187728,4
depth_2.4_sigma_1.5,2.4,1.5,post-fold flatter region,-6.998751592500224,-8.748439490625287,-13.487177548047299,2.9890501592969656,nan,nan,mean=-0.17021666; min=-0.3211372; max=-0.041668091 mm^-1,acceleration,0.07290366242187728,5
depth_2.4_sigma_1.9,2.4,1.9,pre-fold flatter region,0.024720277040432375,0.0,0.0,0.07416083112129712,nan,nan,mean=-0.16758442; min=-0.21162978; max=-0.12150169 mm^-1,no material difference,0.07416083112129429,3
depth_2.4_sigma_1.9,2.4,1.9,first shoulder/curvature-transition region,-0.014832166224258004,0.0,-0.07416083112129002,0.0,0.01615642432912756,0.006104911962025006,mean=-0.14244324; min=-0.23009613; max=-0.011828114 mm^-1,no material difference,0.07416083112129429,5
depth_2.4_sigma_1.9,2.4,1.9,first sulcal bank,-0.18540207780323925,-0.18540207780323925,-0.2966433244851743,-0.07416083112130423,0.05643825481242459,0.01115276640494145,mean=0.16287254; min=0.090600274; max=0.23514481 mm^-1,acceleration,0.07416083112129429,2
depth_2.4_sigma_1.9,2.4,1.9,fundus,2.0023424402749512,0.2595629089245364,-2.595629089245307,10.085873032496039,-0.45288043751311685,-0.4934849339096242,mean=0.5353668; min=0.43854778; max=0.63218582 mm^-1,slowing,0.07416083112129429,4
depth_2.4_sigma_1.9,2.4,1.9,opposite bank,4.672132360641541,4.672132360641541,2.3731465958814226,6.971118125401659,16.96448387226547,nan,mean=0.16287254; min=0.090600274; max=0.23514481 mm^-1,slowing,0.07416083112129429,2
depth_2.4_sigma_1.9,2.4,1.9,second shoulder/curvature-transition region,3.693209389840456,2.743950751487887,1.4832166224258856,6.600313969795195,-59.789824634189486,-63.11664704110672,mean=-0.14244324; min=-0.23009613; max=-0.011828114 mm^-1,slowing,0.07416083112129429,5
depth_2.4_sigma_1.9,2.4,1.9,post-fold flatter region,-8.47905502486799,-9.418425552404386,-12.088215472770969,-3.9305240494286124,nan,nan,mean=-0.16758442; min=-0.21162978; max=-0.12150169 mm^-1,acceleration,0.07416083112129429,3
depth_3.0_sigma_1.1,3.0,1.1,pre-fold flatter region,-0.010379780901168598,0.0,-0.07265846630818018,0.0,-0.06807413785142069,0.0,mean=-0.20084356; min=-0.57900213; max=-0.0015901262 mm^-1,no material difference,0.07265846630818255,7
depth_3.0_sigma_1.1,3.0,1.1,first shoulder/curvature-transition region,0.07265846630818018,0.07265846630818018,0.07265846630817663,0.07265846630818373,0.00878774470453525,-0.015859147774785587,mean=-0.27546386; min=-0.39149272; max=-0.15943501 mm^-1,no material difference,0.07265846630818255,2
depth_3.0_sigma_1.1,3.0,1.1,first sulcal bank,-0.4359507978490953,-0.4359507978490953,-0.9445600620063743,0.07265846630818373,0.016970824107201965,0.025115571362461453,mean=0.14340558; min=0.0049685457; max=0.28184262 mm^-1,acceleration,0.07265846630818255,2
depth_3.0_sigma_1.1,3.0,1.1,fundus,-0.8719015956981906,-0.8719015956981906,-5.449384973113666,3.705581781717285,-0.25181365932684097,-0.1276979021959722,mean=1.6145575; min=1.6145575; max=1.6145575 mm^-1,acceleration,0.07265846630818255,2
depth_3.0_sigma_1.1,3.0,1.1,opposite bank,6.466603501428253,6.466603501428253,4.068874113258232,8.864332889598273,-11.741337006515764,-2.3785237642969883,mean=0.14340558; min=0.0049685457; max=0.28184262 mm^-1,slowing,0.07265846630818255,2
depth_3.0_sigma_1.1,3.0,1.1,second shoulder/curvature-transition region,6.793566599815065,6.793566599815065,4.722800310031857,8.864332889598273,-666.4865344462347,-43.26058574061237,mean=-0.27546386; min=-0.39149272; max=-0.15943501 mm^-1,slowing,0.07265846630818255,2
depth_3.0_sigma_1.1,3.0,1.1,post-fold flatter region,-4.297229293083936,-7.774455894975517,-9.300283687447376,7.992431293900097,-14994.927462009,nan,mean=-0.20084356; min=-0.57900213; max=-0.0015901262 mm^-1,acceleration,0.07265846630818255,7
depth_3.0_sigma_1.5,3.0,1.5,pre-fold flatter region,-7.686131487135077,-9.771742118369076,-15.678541458577257,4.375406918672724,-2142.685236050827,nan,mean=-0.20450638; min=-0.3707213; max=-0.052066445 mm^-1,acceleration,0.07292344864454534,5
depth_3.0_sigma_1.5,3.0,1.5,first shoulder/curvature-transition region,8.367965731961576,8.750813837345433,3.937866226805454,12.032369026349983,-281.2146782101986,nan,mean=-0.17716191; min=-0.34492469; max=-0.0059908013 mm^-1,slowing,0.07292344864454534,4
depth_3.0_sigma_1.5,3.0,1.5,first sulcal bank,6.63603382665363,6.63603382665363,6.63603382665363,6.63603382665363,nan,nan,mean=0.14502865; min=0.14502865; max=0.14502865 mm^-1,slowing,0.07292344864454534,1
depth_3.0_sigma_1.5,3.0,1.5,fundus,2.205934321497491,0.32815551890045214,-5.469258648340912,13.636684896529971,nan,nan,mean=0.81087895; min=0.4745148; max=1.1472431 mm^-1,slowing,0.07292344864454534,4
depth_3.0_sigma_1.5,3.0,1.5,opposite bank,-0.14584689728908984,-0.14584689728908984,-0.14584689728908984,-0.14584689728908984,nan,nan,mean=0.14502865; min=0.14502865; max=0.14502865 mm^-1,acceleration,0.07292344864454534,1
depth_3.0_sigma_1.5,3.0,1.5,second shoulder/curvature-transition region,0.01823086216113623,0.0,0.0,0.07292344864454492,nan,nan,mean=-0.17716191; min=-0.34492469; max=-0.0059908013 mm^-1,no material difference,0.07292344864454534,4
depth_3.0_sigma_1.5,3.0,1.5,post-fold flatter region,0.014584689728908983,0.0,0.0,0.07292344864454492,-0.07586602669925191,0.06238861153708242,mean=-0.20450638; min=-0.3707213; max=-0.052066445 mm^-1,no material difference,0.07292344864454534,5
depth_3.0_sigma_1.9,3.0,1.9,pre-fold flatter region,0.049662637676760824,0.07449395651514124,0.0,0.07449395651514124,nan,nan,mean=-0.20293284; min=-0.25114658; max=-0.15051092 mm^-1,no material difference,0.07449395651514211,3
depth_3.0_sigma_1.9,3.0,1.9,first shoulder/curvature-transition region,0.0,0.0,0.0,0.0,-0.007393602055702275,0.0,mean=-0.15066579; min=-0.26062477; max=-0.011138347 mm^-1,no material difference,0.07449395651514211,5
depth_3.0_sigma_1.9,3.0,1.9,first sulcal bank,-0.2234818695454308,-0.2234818695454308,-0.3724697825757204,-0.07449395651514124,0.06847120189570355,0.012216648013442466,mean=0.16181592; min=0.086478941; max=0.2371529 mm^-1,acceleration,0.07449395651514211,2
depth_3.0_sigma_1.9,3.0,1.9,fundus,2.3651831193557626,0.3724697825757204,-3.3522280431814124,12.068020955453022,-0.808327434392514,-1.099489718474398,mean=0.63250398; min=0.48805521; max=0.77695275 mm^-1,slowing,0.07449395651514211,4
depth_3.0_sigma_1.9,3.0,1.9,opposite bank,4.208908543105537,4.208908543105537,2.1603247389391242,6.257492347271949,nan,nan,mean=0.16181592; min=0.086478941; max=0.2371529 mm^-1,slowing,0.07449395651514211,2
depth_3.0_sigma_1.9,3.0,1.9,second shoulder/curvature-transition region,3.5459123301207627,2.6072884780299717,1.4153851737876835,6.480974216817373,-57.53965188263952,-63.30587744745307,mean=-0.15066579; min=-0.26062477; max=-0.011138347 mm^-1,slowing,0.07449395651514211,5
depth_3.0_sigma_1.9,3.0,1.9,post-fold flatter region,-8.939274781817042,-9.907696216513898,-12.663972607574152,-4.246155521363079,nan,nan,mean=-0.20293284; min=-0.25114658; max=-0.15051092 mm^-1,acceleration,0.07449395651514211,3
