g_profile,sulcus_width_mm,g_sulcus_min,anisotropy_delta_mm_min,anisotropy_sulcus_local_delta_mm_min
flat,2.5,0.95,0.015065463023854253,0.007661086583960142
flat,2.5,0.85,0.058220502901354276,0.03524785677357789
flat,2.5,0.75,0.10513041746864049,0.0727699081283566
flat,4.0,0.95,0.02567774707139403,0.013942113569051173
flat,4.0,0.85,0.06345154096599481,0.04299415769767778
flat,4.0,0.75,0.11354675918624801,0.08259227217984755
flat,5.5,0.95,0.02567774707139403,0.013494861724545615
flat,5.5,0.85,0.0661523625843774,0.04831686440349081
flat,5.5,0.75,0.11823024282979189,0.08766414151556257
gaussian,2.5,0.95,0.010649835865341295,0.006334102658187568
gaussian,2.5,0.85,0.0719130896506277,0.029565788559927864
gaussian,2.5,0.75,0.10542777491941147,0.059308182532585185
gaussian,4.0,0.95,0.01969671705349274,0.011257076645273756
gaussian,4.0,0.85,0.07631195419360015,0.0347620098317436
gaussian,4.0,0.75,0.10775600673061358,0.06732257069429615
gaussian,5.5,0.95,0.02422972730072237,0.010914914741474213
gaussian,5.5,0.85,0.06261956346371056,0.041619014507046526
gaussian,5.5,0.75,0.11251139933123966,0.0775965516240591
